1,0.649452,0.650056,0.8478060000000001,0.7157713333333332,0.56071,0.6397059999999999,0.7848060000000001,0.6617406666666666,21.90504660471039,11.353180684176273,6.6113870734094,13.289871454098687,22.562624219961886,12.762952184633606,8.788888753258332,14.70482171928461
2,0.568452,0.600742,0.8334939999999998,0.6675626666666666,0.511512,0.603038,0.7792140000000001,0.6312546666666666,21.58296558757502,10.95966785782933,6.940358684623963,13.160997376676102,19.673126085736065,10.78097177014568,8.624854264924833,13.026317373602192
3,0.789514,0.6935279999999997,0.893222,0.792088,0.598822,0.707538,0.802122,0.7028273333333334,37.63442725054544,26.414076218797575,17.46965949517832,27.17272098817378,40.26245008584357,28.956355767072008,27.244503652504765,32.15443650180678
4,0.6548460000000002,0.6955320000000002,0.8567139999999999,0.7356973333333334,0.63923,0.7067819999999999,0.7878799999999998,0.7112973333333333,22.357080573036555,11.07134253119326,8.651401867222967,14.026608323817593,19.903044445676045,11.61177640833809,9.002220015046253,13.505680289686795
5,0.626584,0.6468219999999999,0.7758599999999999,0.6830886666666666,0.590902,0.66604,0.741652,0.666198,19.9149528134377,13.08251921964729,10.977686782590323,14.658386271891771,17.849974854741426,13.288865145110622,10.606785561592915,13.915208520481654
6,0.828002,0.7334279999999999,0.8994120000000002,0.8202806666666667,0.6920740000000001,0.7505700000000001,0.824862,0.7558353333333333,20.815650551110508,11.773307779127736,7.633164604896762,13.407374311711669,23.585729545524845,14.050377143759851,11.513688493711989,16.383265060998895
7,0.833386,0.7305059999999999,0.889088,0.8176599999999999,0.72181,0.7530040000000001,0.8280359999999999,0.7676166666666666,20.791617902028005,11.068572487253604,7.132146390981216,12.997445593420942,21.697137354140704,11.328360458889938,9.488090602880606,14.17119613863708
8,0.799858,0.7074479999999999,0.8590660000000002,0.7887906666666668,0.6762679999999999,0.6955359999999999,0.7648400000000001,0.7122146666666667,20.713379686058765,17.653433755802443,9.907280951333238,16.091364797731483,21.384450755484462,18.372910983355784,13.549852794845224,17.76907151122849
9,0.850206,0.7307159999999999,0.902008,0.8276433333333334,0.698528,0.750506,0.8174720000000001,0.755502,23.402298634942035,15.086507676704068,10.884576855020814,16.45779438888897,28.87827744314985,19.16675283486322,17.07461767291977,21.706549316977615
10,0.8437919999999999,0.73588,0.88857,0.8227473333333334,0.7229979999999998,0.7502020000000003,0.8160819999999999,0.763094,24.6836613051417,11.479819235527055,7.33198695587391,14.498489165514222,25.41109383716244,11.87096883178618,10.248979725067096,15.843680798005238
11,0.7861999999999998,0.7084620000000003,0.858022,0.784228,0.6992240000000001,0.716358,0.7798579999999999,0.7318133333333333,17.895102922187117,11.687369220714851,7.909769176491711,12.497413773131228,19.35582405441059,14.08207985271483,10.678329974681139,14.70541129393552
12,0.6611319999999998,0.7012520000000001,0.8520519999999999,0.7381453333333333,0.6053520000000002,0.703944,0.773926,0.6944073333333334,22.70519747046049,10.077990116553918,8.20696867689542,13.663385421303277,19.02393582507663,12.259957479459942,9.674289937209483,13.652727747248685
13,0.7097360000000001,0.72718,0.8791599999999997,0.7720253333333332,0.6568500000000002,0.7331400000000001,0.7996420000000002,0.7298773333333335,19.1458836059669,10.71308051718019,7.720446163641355,12.526470095596148,21.071464663626116,12.23145730735829,9.894893875441143,14.399271948808517
14,0.789042,0.7368280000000001,0.894164,0.8066780000000001,0.7109039999999999,0.7471480000000003,0.8176240000000001,0.7585586666666667,19.686261478812444,10.331838200012804,7.177650064338795,12.398583247721348,19.386936759053327,13.095270311333563,9.589996728537615,14.024067932974836
15,0.8621080000000003,0.740718,0.9073159999999999,0.8367140000000001,0.71793,0.760984,0.82631,0.768408,22.853504877240315,13.271159985828021,7.473956798175267,14.5328738870812,26.720108971524446,15.96602598854851,12.6090958211475,18.43174359374015
16,0.8263099999999999,0.7389579999999998,0.9012239999999998,0.8221639999999999,0.7067580000000001,0.756648,0.8243939999999997,0.7626,22.177717391605928,12.241707995631934,7.60128674734462,14.006904044860827,23.88399231523121,12.688322569507202,10.458182340870813,15.676832408536407
17,0.7566919999999999,0.7350839999999998,0.8897779999999998,0.7938513333333331,0.669082,0.745392,0.8202980000000001,0.744924,20.057066665610694,11.039701092606087,7.555531403550207,12.884099720588997,21.960567719618112,15.58153621870678,16.230288191518987,17.92413070994796
18,0.8543339999999996,0.7464780000000001,0.9084240000000002,0.836412,0.7377459999999998,0.766498,0.8346900000000003,0.7796446666666667,19.04092414727833,10.321708302633537,6.9898988077260915,12.117510419212651,22.34333019008453,11.884357876197774,10.114276530062172,14.780654865448158
19,0.8520320000000002,0.74952,0.9090119999999999,0.8368546666666669,0.7386499999999999,0.7706819999999999,0.8362120000000001,0.781848,19.614325103058647,11.87578888592349,7.7782302582998435,13.089448082427326,21.70813806412696,12.826507617211528,10.891016563300283,15.14188741487959
20,0.8539860000000001,0.7475420000000003,0.9074519999999999,0.8363266666666668,0.7367920000000001,0.7659419999999997,0.8297200000000001,0.7774846666666666,20.408296638093123,10.745938709051165,6.949204864592924,12.701146737245736,21.093651107160017,10.854348930222603,9.753584537586336,13.900528191656319
21,0.7672700000000002,0.683678,0.8293959999999998,0.7601146666666668,0.6672440000000001,0.6985480000000002,0.7778740000000001,0.7145553333333335,20.219676488522076,13.762104794858999,9.02009598908979,14.33395909082362,18.080208901115387,11.732875326561532,10.21936952849725,13.344151252058055
22,0.8612879999999999,0.7481599999999999,0.9092320000000003,0.8395600000000001,0.7375539999999998,0.766702,0.8315199999999998,0.7785919999999998,21.253124635501354,12.772839434177929,8.01666077386195,14.01420828118041,22.89880008095771,12.496480260245438,11.585854103315931,15.660378148173026
23,0.8608880000000001,0.7396379999999999,0.9084540000000001,0.8363266666666668,0.7329380000000001,0.7630299999999999,0.8317440000000001,0.775904,20.457913641480953,13.846319466866714,8.291581721442547,14.198604943263405,23.28654421382742,14.49339154163689,12.056339212928899,16.612091656131067
24,0.8474580000000002,0.7465480000000002,0.9015579999999999,0.8318546666666666,0.7401960000000003,0.7653599999999998,0.8296560000000003,0.7784040000000001,18.37839665629473,10.94285916578218,7.131747571244298,12.151001131107067,19.974000471358345,11.219737790212166,10.10833438453519,13.7673575487019
25,0.85315,0.7444520000000001,0.9080180000000003,0.8352066666666668,0.7373440000000002,0.765472,0.8321419999999997,0.7783193333333333,19.100029257667835,11.122058643403248,6.991667049989566,12.404584983686883,20.79407124767246,11.50506184787666,9.622925102345715,13.97401939929828
26,0.852164,0.74875,0.9059959999999999,0.8356366666666667,0.7342499999999998,0.7653379999999999,0.83422,0.7779359999999998,18.968473355443486,10.324300981680096,7.32961575440126,12.207463363841613,19.869206681504632,11.961063203227013,9.521834122251159,13.784034668994268
27,0.8446840000000002,0.7318760000000001,0.8950199999999999,0.8238600000000001,0.717646,0.7428559999999997,0.8156680000000003,0.7587233333333333,20.94130189207427,12.814003697149326,8.178715309007409,13.978006966077002,21.276912952000657,14.232033398132378,13.298551177600311,16.26916584257778
28,0.8652320000000002,0.7464580000000002,0.906438,0.8393760000000001,0.7309699999999999,0.7664459999999997,0.8333880000000002,0.7769346666666666,18.994930173371525,13.62980888625422,8.708097060162075,13.777612039929274,20.991205426258425,12.972031551866143,10.505144945205448,14.822793974443337
29,0.860866,0.747106,0.9085139999999999,0.8388286666666667,0.7334060000000002,0.7676299999999999,0.8331039999999997,0.7780466666666666,18.702914519859824,12.141557208462979,7.8684082196431,12.904293315988633,22.709814342134205,12.424497207628633,10.020706923680303,15.051672824481047
30,0.7887979999999998,0.7371219999999998,0.8970839999999999,0.8076679999999999,0.700338,0.7571320000000001,0.829468,0.7623126666666667,19.11050184430524,11.714821012823414,7.72661900975116,12.850647288959939,21.06351284618719,12.319191133507125,9.235654139816521,14.206119373170276
31,0.84532,0.7520979999999998,0.9076739999999996,0.8350306666666665,0.74009,0.7673279999999998,0.8299420000000002,0.7791200000000001,18.995968727776553,10.517907532755917,6.519779625175506,12.011218628569324,21.595583896701687,11.410179294874636,8.60152609291099,13.869096428162436
32,0.8694360000000002,0.7520220000000002,0.9104979999999996,0.8439853333333334,0.7396419999999998,0.772474,0.8346020000000002,0.7822393333333334,18.579860412242873,12.255075608970467,7.381845691567931,12.738927237593757,23.22582272495309,13.531398609391944,11.329458012091397,16.02889311547881
33,0.8538080000000001,0.7394300000000001,0.90199,0.8317426666666669,0.694856,0.7553000000000002,0.8183780000000003,0.7561780000000002,25.664955728144886,15.851133799121818,10.242327430000449,17.252805652422385,29.31144907576668,18.725992394605623,16.00941163997629,21.348951036782864
34,0.806446,0.7460239999999998,0.891562,0.8146773333333334,0.6429880000000001,0.7627600000000001,0.7953960000000001,0.7337146666666667,60.36720639054199,44.15249276407636,39.1285250622288,47.88274140561572,65.21796610989401,48.306703119353166,45.53863233974714,53.0211005229981
35,0.853822,0.7492739999999998,0.9056960000000004,0.836264,0.7231479999999999,0.766254,0.8295619999999999,0.7729879999999999,27.391259205204264,12.177369121027011,9.550355502970023,16.372994609733766,29.477633962871533,13.827444864348836,13.888169429228622,19.064416085483
36,0.8533939999999999,0.7503579999999999,0.9096659999999999,0.8378059999999999,0.731272,0.768606,0.833544,0.7778073333333334,18.640548591585528,11.211833239721791,6.463304134710287,12.105228655339202,21.148572973620308,11.107339853379665,8.989806669577955,13.748573165525977
37,0.8653540000000003,0.7512300000000001,0.9082840000000002,0.8416226666666669,0.73824,0.7700300000000001,0.8345920000000001,0.780954,18.868463361805194,10.180211261230408,6.265643661005181,11.771439428013593,21.441559827076876,10.891106974461147,9.716679156797724,14.016448652778584
38,0.8565780000000001,0.7455419999999997,0.9044600000000004,0.8355266666666666,0.7345020000000002,0.7690459999999998,0.833956,0.779168,19.089817105197184,11.637812190896945,6.672079927129142,12.466569741074423,20.885238200888626,11.539528815602846,9.638304467310443,14.021023827933972
39,0.862082,0.750278,0.908928,0.8404293333333334,0.743972,0.7696580000000002,0.833036,0.782222,18.831701326848282,10.516802425878446,6.271018801271579,11.873174184666103,21.71771147324745,12.225611287531748,9.85579712360478,14.599706628127992
40,0.8541560000000002,0.7514779999999999,0.9088460000000004,0.8381600000000002,0.7387280000000002,0.77068,0.8337619999999998,0.7810566666666666,19.51550520352295,11.207574304108904,7.100504090456685,12.607861199362844,21.28839943164251,11.507735230705878,9.491302709375795,14.095812457241394
41,0.8715620000000003,0.791928,0.9196419999999997,0.861044,0.7981820000000001,0.810028,0.8596860000000001,0.822632,15.259099581072546,10.218240492580247,5.803874767187539,10.427071613613442,14.580981274294523,11.519015212226932,9.115683160108636,11.738559882210032
42,0.8816240000000002,0.8159940000000004,0.9336259999999997,0.8770813333333335,0.8048919999999998,0.8301880000000003,0.8697199999999999,0.8349333333333333,15.249034874318172,8.393872721443875,5.3448135165451784,9.662573704102408,13.990097530812273,10.204903830776473,8.407728240372736,10.86757653398716
43,0.8755720000000001,0.818442,0.9383619999999999,0.8774586666666666,0.7997240000000001,0.8284619999999999,0.8676780000000001,0.8319546666666667,9.091701568244902,8.972238152625518,5.224071672784326,7.762670464551583,9.992444468838267,11.233446290867967,9.255835980749763,10.160575580151999
44,0.8720159999999999,0.8137379999999999,0.935376,0.87371,0.784132,0.8133020000000001,0.8617240000000002,0.8197193333333335,20.82582825574646,14.47177361843363,11.791017544944964,15.696206473041684,22.166091371991296,13.893664709095138,13.190756315884068,16.416837465656833
45,0.8707539999999999,0.826168,0.9391399999999999,0.8786873333333333,0.7973180000000002,0.8269079999999999,0.8779819999999997,0.8340693333333333,10.047274407305956,7.931794289820365,6.6117898075802035,8.196952834902175,11.174840527716826,10.099624336858497,8.594585790059895,9.956350218211739
46,0.8782739999999998,0.82335,0.9398019999999999,0.8804753333333332,0.7993539999999999,0.8353120000000002,0.8642100000000004,0.8329586666666668,9.378850923772672,9.434667390525226,6.675395634469121,8.496304649589007,9.603571242440573,10.141765059582122,9.430192035749629,9.725176112590773
47,0.879908,0.8270459999999996,0.9402719999999998,0.8824086666666665,0.8065100000000001,0.8386179999999996,0.867336,0.8374879999999999,10.017969825153367,12.04075514300142,9.714402867108896,10.59104261175456,12.702484804190687,11.061385147394834,10.836412761001679,11.5334275708624
48,0.8735,0.8334579999999998,0.9348420000000002,0.8805999999999999,0.8017940000000005,0.8426060000000001,0.87692,0.8404400000000002,14.492386524399748,6.949618047689854,4.064294650246628,8.502099740778744,13.287193086314572,7.111693976548392,5.332700778477496,8.577195947113486
49,0.8820039999999999,0.8315060000000003,0.9456979999999998,0.8864026666666667,0.802142,0.8358679999999997,0.8767880000000001,0.838266,12.252988119415958,6.708822773999746,4.761170894034739,7.907660595816814,14.450062732271833,9.357624540693836,8.140460006131455,10.649382426365708
50,0.8830599999999997,0.8412899999999998,0.9463600000000004,0.8902366666666666,0.8092999999999999,0.8455919999999998,0.8822319999999997,0.8457079999999998,9.216410714197915,7.669805763069366,5.2035082889548745,7.36324158874072,10.621560156823179,8.471043121896054,8.027353194396591,9.039985491038607
51,0.8816319999999999,0.8273600000000001,0.9320340000000001,0.8803420000000001,0.8009479999999999,0.837802,0.8614840000000001,0.8334113333333333,9.01513246746753,11.507224044966785,6.578679501277889,9.033678671237402,9.320536119084025,12.276819019700854,9.595474039371801,10.397609726052226
52,0.877292,0.835024,0.9452500000000001,0.8858553333333333,0.8052040000000003,0.8381959999999999,0.874906,0.8394353333333333,14.070528687560472,7.1534988265173345,5.404210521395599,8.876079345157802,14.175987911099467,8.487409755850688,8.068699852928274,10.244032506626143
53,0.8780939999999998,0.8336980000000002,0.942958,0.8849166666666667,0.8000060000000002,0.8236600000000002,0.864036,0.8292340000000001,12.238539021420479,8.100826757209271,5.741733504382453,8.693699761004067,14.276433193388677,10.601811030875835,8.764456843193615,11.214233689152708
54,0.8659119999999999,0.8333620000000002,0.9380879999999996,0.8791206666666666,0.79377,0.8403579999999998,0.8775760000000002,0.8372346666666667,17.19942459296172,7.25844866899042,5.321564861352835,9.92647937443499,13.946599787630912,8.546944746495951,7.571827197152564,10.021790577093142
55,0.8844180000000001,0.8334360000000001,0.9361160000000001,0.8846566666666668,0.8062799999999999,0.8439220000000002,0.8749279999999999,0.84171,10.867202064557725,11.252484038626804,5.50550928822822,9.208398463804249,10.982800879726147,12.802902991133081,9.490120676720831,11.09194151586002
56,0.885064,0.8413020000000003,0.9477679999999999,0.8913780000000001,0.8124579999999999,0.8445480000000002,0.8808259999999999,0.8459439999999999,9.54886851029995,7.505701724020636,5.603115720029912,7.552561984783499,9.958524962599753,10.997134837102049,8.381259797534486,9.778973199078763
57,0.8864640000000005,0.836572,0.9388519999999998,0.8872960000000001,0.8174359999999998,0.8499880000000001,0.88463,0.8506846666666666,11.644194011294442,7.3004557898857065,4.169288559156207,7.704646120112119,11.187238325908975,8.499534716523224,6.061014789735965,8.582595944056054
58,0.8877899999999999,0.8443259999999999,0.9497959999999998,0.8939706666666666,0.816036,0.8481099999999999,0.8857019999999995,0.8499493333333331,10.277481295728045,8.88499396594417,5.041025202239056,8.067833487970423,10.948009428145147,11.044104946887211,7.468445901989724,9.820186759007361
59,0.8871819999999998,0.8455519999999999,0.9510300000000003,0.894588,0.8142919999999999,0.8504280000000002,0.8876239999999999,0.8507813333333333,9.170952641173233,8.696062969935817,4.452137657984627,7.4397177563645585,10.751559671568419,11.530067907766881,7.051798234930831,9.777808604755377
60,0.8868280000000002,0.8468179999999998,0.9514119999999999,0.8950193333333333,0.8153459999999998,0.851234,0.8906640000000001,0.8524146666666667,10.907125548159813,6.7716273768169835,4.521025440910657,7.399926121962484,11.846749438511432,8.93026156409474,6.429201246089418,9.068737416231864
61,0.8749220000000001,0.8354239999999998,0.9454500000000001,0.8852653333333333,0.7977960000000002,0.8377939999999999,0.8765480000000001,0.8373793333333334,9.73862232711894,11.963265094077997,7.797547669844198,9.833145030347046,11.064945699265758,14.178831769386377,10.961877765590854,12.068551744747664
62,0.8820719999999999,0.84329,0.945374,0.8902453333333332,0.8126679999999997,0.849796,0.8853440000000004,0.8492693333333333,9.057790857512424,7.990815906651675,5.56922335877081,7.539276707644969,10.647399646877512,9.412521596400303,7.906800250181112,9.322240497819642
63,0.8646440000000004,0.836178,0.9242699999999998,0.8750306666666668,0.7862799999999999,0.840276,0.867122,0.831226,16.970710940766306,7.7666492448540945,4.393973765658399,9.710444650426266,14.964979858318769,10.107122396999603,7.187771479771642,10.753291245030004
64,0.869424,0.8349039999999996,0.9364699999999999,0.8802659999999998,0.795448,0.8321000000000005,0.8494039999999999,0.8256506666666668,8.895073349483736,16.474999478200186,10.494753992622117,11.954942273435345,10.020863603785385,14.925172861163022,12.832970001875726,12.593002155608042
65,0.8864720000000001,0.8431699999999998,0.9473879999999998,0.8923433333333333,0.8130019999999999,0.8433740000000002,0.870924,0.8424333333333335,9.546905136705114,6.3918660643895056,4.937503706563731,6.958758302552783,10.258975018864103,9.233200699468778,8.476492120772626,9.322889279701835
66,0.8836700000000002,0.8424179999999999,0.9468120000000002,0.8909666666666668,0.808406,0.848718,0.8772120000000001,0.8447786666666667,9.266988250825845,8.2304760283944,6.626456198627278,8.041306825949174,10.022245709900847,10.165155599392008,9.415139133635773,9.867513480976209
67,0.8804119999999998,0.8437080000000001,0.9441220000000006,0.889414,0.8095680000000001,0.8516739999999998,0.884044,0.8484286666666666,9.601251834316589,10.42846033695821,5.542682240601878,8.524131470625559,10.13027366579082,11.004319533292465,7.642144508812916,9.592245902632067
68,0.8822839999999998,0.8483999999999999,0.9457720000000001,0.892152,0.8064120000000001,0.850708,0.8786259999999997,0.8452486666666665,9.809143447967438,9.697316410514063,5.909722779184688,8.472060879222061,9.865320162737012,10.417618209324683,9.771216228412879,10.018051533491525
69,0.8826160000000002,0.8465100000000001,0.9441480000000001,0.8910913333333336,0.8108419999999998,0.8555800000000001,0.8825959999999999,0.8496726666666666,9.069134174070676,8.437498035235086,4.704995058169101,7.403875755824955,9.736595903419444,8.960928943359137,7.386587688683769,8.69470417848745
70,0.876866,0.841948,0.9415899999999999,0.8868013333333332,0.8042719999999999,0.84981,0.8768620000000001,0.843648,10.778705254753163,7.997219876573016,5.7014651728249905,8.159130101383724,10.72842948181979,10.458934494545556,8.582593435762282,9.923319137375877
71,0.8884960000000003,0.8533740000000002,0.9499760000000002,0.8972820000000002,0.814456,0.8559699999999999,0.8875139999999998,0.8526466666666667,8.25635744163277,7.54399486650966,5.288581662068584,7.0296446567370054,10.388840051139857,9.566416004112062,7.743524235351816,9.232926763534579
72,0.8871040000000001,0.849968,0.9497460000000001,0.895606,0.814168,0.8546179999999997,0.8901300000000001,0.852972,8.971793243544345,7.053959133630584,4.745313509746566,6.9236886289738315,10.160783832668203,8.188018930084088,6.836127575315649,8.39497677935598
73,0.8867880000000002,0.8486520000000002,0.9500000000000002,0.8951466666666669,0.814792,0.8547939999999997,0.8930239999999998,0.8542033333333331,10.601415017393583,7.0283978239140685,4.608595350162114,7.412802730489922,10.081166787348687,9.778155257689136,6.395709163602935,8.751677069546918
74,0.887676,0.8499359999999999,0.9506039999999999,0.8960719999999999,0.8191000000000002,0.8551160000000005,0.8918699999999999,0.8553620000000003,9.684691344281255,9.423416822680355,4.719374011305184,7.942494059422265,10.750034064446925,10.078780789324343,7.160558037822746,9.329790963864673
75,0.889474,0.8480639999999998,0.9496099999999998,0.8957159999999998,0.810822,0.851664,0.8851680000000002,0.849218,9.301633668344714,8.844793508100773,5.017682842341001,7.721370006262163,10.78250252535291,9.076668617106685,8.344666912749748,9.401279351736447
76,0.8802859999999998,0.8461700000000001,0.9457220000000003,0.890726,0.8085359999999998,0.854314,0.883552,0.8488006666666665,8.064360931671574,9.477285987993476,7.12390407969808,8.221850333121042,9.043899098458615,10.197080084598618,8.38533493513411,9.208771372730448
77,0.8847039999999999,0.8448499999999999,0.9436420000000002,0.8910653333333333,0.8115479999999999,0.8502139999999998,0.8760359999999998,0.8459326666666666,8.548865986684135,9.099126550532107,5.233851317383692,7.627281284866644,9.152798781043339,9.895836289258416,7.7851943809611965,8.94460981708765
78,0.8879740000000002,0.851696,0.9519520000000002,0.8972073333333336,0.812268,0.8551539999999999,0.8870059999999999,0.8514759999999999,9.652678185198301,6.739908749359581,4.464593393210111,6.952393442589332,10.470417839707236,7.52781522945585,5.9855706637247375,7.99460124429594
79,0.8859560000000003,0.8495380000000001,0.950148,0.8952140000000002,0.811868,0.8525160000000003,0.8844500000000001,0.8496113333333334,9.484890568864284,8.997189130195549,5.244284099571198,7.908787932877009,9.995380215101479,11.274112400826581,9.90607239865836,10.391855004862139
80,0.8900760000000002,0.8554020000000001,0.9528679999999998,0.8994486666666667,0.8167519999999999,0.8606120000000002,0.891982,0.8564486666666667,9.44279521846296,6.655776409577438,4.423006953253429,6.840526193764608,10.420932379001075,8.613078043870436,6.793752975986434,8.609254466285982
81,0.8811960000000002,0.848522,0.942162,0.8906266666666668,0.8041319999999998,0.850362,0.8759920000000002,0.8434953333333333,9.65868497939175,7.600683591893156,5.69847258905747,7.652613720114125,8.145761564715933,8.989019388219956,7.891369699883333,8.342050217606408
82,0.8739560000000002,0.844096,0.94384,0.8872973333333333,0.7849060000000003,0.8423839999999998,0.8771020000000003,0.8347973333333334,11.347312772580237,9.735524317011585,5.127221891439724,8.736686327010515,11.441916857516489,9.809237789708842,7.449594335213453,9.566916327479595
83,0.8918379999999999,0.82324,0.9358859999999999,0.8836546666666666,0.787006,0.8173619999999998,0.8709500000000001,0.8251059999999999,12.671781549954542,14.330326375291225,4.680723200300326,10.560943708515365,11.994895454690777,13.345275980423674,7.985464364372014,11.108545266495488
84,0.8657940000000001,0.8444079999999998,0.9413319999999998,0.8838446666666666,0.792204,0.8533859999999999,0.8815160000000002,0.8423686666666667,12.88120119981405,7.406621201292864,3.9500112613045957,8.079277887470504,11.186050584059268,8.698232500641511,5.5793594704561,8.48788085171896
85,0.8841659999999999,0.8551719999999999,0.9528260000000002,0.897388,0.8035820000000001,0.8556539999999998,0.88972,0.849652,9.826508490251662,7.703334378341977,4.781853503035718,7.437232123876453,10.323825750710132,8.012841138389698,6.233442141765625,8.190036343621818
86,0.8638099999999999,0.8446960000000001,0.9500719999999998,0.8861926666666665,0.788096,0.8484659999999998,0.8922000000000001,0.8429206666666667,13.93310214100674,10.98804382687949,6.260288678402508,10.393811548762914,11.70959334623717,12.534641404686894,7.963097351679006,10.735777367534356
87,0.901588,0.85627,0.952604,0.9034873333333332,0.8173140000000002,0.86031,0.8941580000000002,0.8572606666666669,11.127615495481962,10.025299342635083,7.041995734077205,9.39830352406475,10.224136266283786,12.684957739472388,9.028389297898118,10.645827767884763
88,0.8780619999999998,0.8332099999999998,0.9493039999999998,0.8868586666666665,0.779976,0.8088480000000001,0.8635220000000001,0.8174486666666668,14.227999579543914,11.7022440025249,8.808778829099884,11.579674137056232,14.675529300497969,13.863814700664529,14.784888603714979,14.441410868292493
89,0.8586079999999999,0.850544,0.9471080000000001,0.88542,0.8032919999999999,0.855036,0.8898720000000001,0.8494,9.257697938586757,9.067085558547314,4.50543496861119,7.610072821915087,8.959109596714828,8.203157215578932,7.00204350428593,8.054770105526563
90,0.8939659999999999,0.8530359999999999,0.9501279999999999,0.8990433333333332,0.7888420000000003,0.834504,0.8709659999999998,0.8314373333333333,12.700677690225639,8.592145676685634,6.845775635238519,9.379533000716597,13.336617888723847,9.607565805705148,9.176960002760493,10.707047899063163
91,0.9003140000000002,0.859218,0.9553559999999999,0.9049626666666667,0.8164960000000002,0.8604860000000003,0.8914799999999999,0.8561540000000002,13.824978901522742,7.445938391146887,4.255577301439455,8.508831531369696,12.8165687125925,7.8780820115627375,6.35382681243797,9.016159178864402
92,0.902148,0.8506519999999999,0.9505439999999998,0.9011146666666665,0.8077539999999999,0.8494180000000001,0.8843679999999998,0.8471799999999999,10.6552934883646,9.613889621830003,7.096556782104614,9.121913297433073,12.8344971459464,11.113378390086295,10.43265054036435,11.460175358799015
93,0.8921460000000002,0.85496,0.9516340000000002,0.8995800000000002,0.803126,0.8588420000000001,0.8911080000000002,0.8510253333333334,9.250539764857656,9.031839989865611,5.394501270850575,7.89229367519128,10.34651380888893,8.708540207724733,7.657272291196545,8.904108769270069
94,0.8636199999999999,0.834934,0.919072,0.872542,0.8007780000000005,0.8498020000000003,0.8767460000000001,0.8424420000000002,9.965061804177388,10.478024375405035,5.988342201813262,8.810476127131894,9.182249871672973,8.494522438333478,7.085142311179071,8.253971540395172
95,0.884316,0.8596219999999998,0.9561580000000001,0.9000319999999999,0.8103380000000002,0.8504580000000003,0.89397,0.8515886666666668,10.524336046147484,8.879772361021244,6.452109485838466,8.618739297669064,9.382797386236751,8.64315316642249,6.532444286743189,8.186131613134142
96,0.8999960000000001,0.8499,0.9540039999999997,0.9013,0.8072059999999999,0.8540600000000002,0.890788,0.8506846666666666,9.491491695604482,9.597819625743044,8.396130649455047,9.161813990267525,11.322748342727362,11.021443432213793,11.470319516081233,11.271503763674128
97,0.881548,0.8554180000000001,0.9537279999999998,0.8968980000000001,0.8023699999999999,0.857816,0.89421,0.8514653333333332,11.010759573642126,8.065506603842595,5.385368541533393,8.153878239672704,9.66819480180609,8.049416435993667,7.820170779297339,8.512594005699032
98,0.8816560000000002,0.8588799999999999,0.9533079999999999,0.897948,0.811468,0.8630559999999998,0.8926899999999999,0.855738,8.72842657842681,8.96057767629784,5.345969748554833,7.678324667759828,9.830940687491854,9.073551582529136,7.451157384472269,8.785216551497752
99,0.903114,0.860858,0.9550460000000001,0.9063393333333334,0.8235660000000001,0.867692,0.9008280000000001,0.8640286666666667,13.168955532956812,12.517326343260317,9.202808287564938,11.629696721260691,13.652468732615855,12.803115333383133,11.76215629484053,12.739246786946504
100,0.905766,0.8592400000000001,0.9543700000000002,0.9064586666666669,0.8134199999999998,0.864178,0.8969800000000002,0.8581926666666666,11.265605438847276,9.748986847119642,7.7201089260374465,9.57823373733479,12.451229380933858,12.233071299172916,10.396220895675047,11.693507191927273
101,0.9035899999999998,0.8516379999999999,0.9528860000000003,0.9027046666666667,0.807692,0.8613899999999998,0.8947680000000001,0.8546166666666667,10.537344013048882,8.048624300562626,6.4965153777663724,8.36082789712596,10.994089946458205,11.308855918862275,8.805456147479402,10.369467337599962
102,0.8921860000000001,0.8576659999999999,0.9534620000000003,0.9011046666666669,0.805376,0.8599960000000003,0.888382,0.8512513333333335,10.663645354801872,10.071931564807723,5.951469348215596,8.895682089275065,10.8581666633078,11.363514342019972,8.802610962874128,10.3414306560673
103,0.8866499999999999,0.8564939999999998,0.953828,0.8989906666666666,0.8094240000000003,0.8548939999999999,0.8907320000000004,0.8516833333333335,9.523134627563326,7.481027226881434,5.293646780232853,7.432602878225872,10.400318376696218,7.890325128727933,7.902823285421846,8.731155596948666
104,0.891534,0.8577459999999999,0.9514579999999998,0.900246,0.8109799999999998,0.8621479999999999,0.8878,0.8536426666666665,8.870040021732471,7.053131411755047,4.552535748195073,6.82523572722753,9.630952795668506,8.395888454692155,6.776291173962188,8.267710808107617
105,0.901768,0.8582880000000002,0.952014,0.9040233333333334,0.81981,0.8600980000000001,0.890992,0.8569666666666667,8.457846147215218,9.472719196123473,4.348545820536877,7.4263703879585234,9.276614681558193,10.356454993782858,7.852771221779722,9.161946965706925
106,0.8816600000000001,0.8590240000000001,0.9549999999999998,0.8985613333333333,0.7978020000000003,0.8557519999999998,0.891736,0.84843,11.897340187025087,8.450285798551471,5.4012376988756,8.582954561484053,11.911807276193583,7.856156372632365,6.494874318832238,8.754279322552728
107,0.891618,0.8514940000000004,0.9518,0.8983040000000001,0.8254699999999999,0.8640300000000001,0.8960719999999998,0.8618573333333334,10.633008842804438,9.079688280620449,5.9657146196872315,8.559470581037374,10.566676583782947,8.338588954920635,6.833278914824426,8.57951481784267
108,0.900578,0.8645640000000003,0.957638,0.9075933333333334,0.811792,0.8603200000000001,0.8903460000000003,0.8541526666666668,9.246947041810397,7.663156385444466,5.3786906148379865,7.42959801403095,10.90325543588487,9.448891902876433,7.603133870751355,9.318427069837552
109,0.8868459999999999,0.850352,0.9439420000000002,0.8937133333333334,0.8101439999999996,0.8510159999999999,0.8822800000000005,0.8478133333333333,8.346586659230171,9.538239431375436,4.6729563906427725,7.519260827082793,8.18241608899842,10.992205538960079,7.748617948701671,8.974413192220057
110,0.8947839999999999,0.8512860000000001,0.9483019999999999,0.898124,0.8208460000000002,0.8530480000000001,0.8928119999999999,0.8555686666666666,12.797261817328492,12.632202525813574,6.071420196552421,10.50029484656483,12.32996021103674,12.995467369499154,7.918453789533819,11.081293790023238
111,0.9033699999999999,0.8596959999999999,0.9560380000000002,0.906368,0.8282380000000003,0.8625079999999999,0.8969800000000001,0.8625753333333335,8.59918462094375,7.043118135248021,4.704212960529856,6.782171905573875,9.342561179233833,7.736670357555149,5.972434311480633,7.683888616089871
112,0.8963019999999999,0.8550000000000003,0.9489199999999998,0.900074,0.8226559999999999,0.8611840000000001,0.8883700000000002,0.8574033333333334,10.463842610396036,11.536431830186107,6.079576082472145,9.359950174351429,9.775579456037708,11.674711141588626,7.157062227778963,9.535784275135098
113,0.8989119999999998,0.859692,0.955078,0.9045606666666667,0.8202899999999999,0.8619099999999998,0.8937219999999999,0.8586406666666665,10.192631844170661,7.239881030974314,5.288286416992202,7.573599764045727,11.443714125026613,8.215838220012904,7.710584152860964,9.123378832633493
114,0.888054,0.8460480000000001,0.9427319999999999,0.892278,0.8050359999999998,0.8475899999999997,0.8750220000000002,0.8425493333333333,11.853369984740937,9.581885140711947,6.922779762398628,9.452678295950504,11.194280784691792,12.872712610423639,11.005702482234637,11.690898625783356
115,0.889668,0.861602,0.9564460000000002,0.902572,0.810764,0.8623820000000001,0.892546,0.8552306666666666,9.039013067371178,8.348003557589044,4.618785493544632,7.335267372834951,10.067946064425879,8.886756845360903,7.105422234466521,8.686708381417768
116,0.9033340000000004,0.8643759999999996,0.9572719999999998,0.9083273333333333,0.816836,0.86674,0.894902,0.8594926666666667,13.892345743866064,13.218250515223488,10.601429784900159,12.57067534799657,13.73794200465292,15.998858751916538,15.195609888946692,14.97747021517205
117,0.9033739999999998,0.8620500000000001,0.955314,0.9069126666666666,0.8192099999999999,0.8671380000000002,0.8971280000000003,0.8611586666666668,10.093749007729123,6.702197069286634,4.065210278689285,6.953718785235014,10.69537747547817,8.034674362436022,6.933513242416678,8.554521693443624
118,0.8880519999999998,0.8531299999999997,0.947456,0.8962126666666665,0.8139280000000002,0.8638359999999997,0.889854,0.8558726666666666,8.963246946686656,9.230594906488927,4.523873184953568,7.572571679376384,9.20057013147381,8.853965344693814,6.543978708234223,8.199504728133949
119,0.9005640000000003,0.8628559999999997,0.9550080000000001,0.9061426666666668,0.8194499999999999,0.8656740000000002,0.8940859999999999,0.8597366666666666,9.139978026535909,7.408973586463378,6.192441579049749,7.580464397349679,10.756013801426459,9.636661884909536,7.792363852440649,9.395013179592214
120,0.8848,0.860348,0.9558280000000003,0.9003253333333334,0.8133179999999999,0.8644719999999999,0.897166,0.8583186666666666,10.335970175910058,8.082514042909933,5.310010172648706,7.909498130489566,9.891749148651131,8.04889653031772,6.74690380658169,8.22918316185018
121,0.8989400000000003,0.856692,0.9506619999999998,0.9020980000000001,0.8207360000000001,0.8627900000000003,0.8980879999999999,0.8605380000000001,10.378894475724735,9.990264270431119,7.753700082334453,9.374286276163437,10.998845058196077,10.553118919979047,8.133036479522806,9.895000152565977
122,0.9009820000000001,0.86043,0.9509460000000002,0.9041193333333334,0.8147359999999999,0.8683700000000001,0.8941619999999999,0.8590893333333334,10.221282423434458,8.118510940122084,5.698194913949318,8.01266275916862,10.331125397439726,9.305436976628615,6.831703164422749,8.82275517949703
123,0.8942280000000001,0.8590680000000002,0.9551759999999999,0.902824,0.812302,0.86535,0.899214,0.8589553333333333,9.531816931608828,8.365535417215098,5.981275899220264,7.9595427493480635,10.5996023525641,10.812977799302002,8.487217526418839,9.96659922609498
124,0.8929919999999999,0.860198,0.9549060000000001,0.9026986666666668,0.8156779999999999,0.8649,0.8986360000000002,0.8597380000000001,9.706528846153327,6.9529726648921475,4.1787708108894215,6.946090773978299,9.903135261622031,7.9737676011866485,6.494153626207692,8.12368549633879
125,0.894198,0.8614440000000001,0.9575799999999998,0.9044073333333333,0.8135479999999998,0.8659680000000002,0.8998120000000001,0.8597760000000001,9.554646822937414,7.537736955682615,4.578517718609491,7.223633832409839,10.428978490839542,9.272051537403526,7.990630901154831,9.230553643132632
126,0.9049320000000001,0.860726,0.9548639999999999,0.9068406666666666,0.8208600000000001,0.8687600000000001,0.9000180000000002,0.8632126666666667,8.791196833979328,8.794748786805302,5.007376024144114,7.531107214976248,8.476014092818765,9.326627471676051,7.3093692704179345,8.370670278304251
127,0.9069799999999997,0.8627159999999999,0.9563059999999999,0.9086673333333332,0.826738,0.8712039999999998,0.9048059999999997,0.8675826666666665,9.077348943856782,7.25115832656072,4.4179751800318,6.915494150149768,9.594958227873708,8.38381119016413,6.854060671769482,8.277610029935772
128,0.8971380000000002,0.858308,0.9554919999999999,0.9036460000000001,0.8029279999999999,0.8625019999999999,0.89404,0.8531566666666666,11.769731944452353,12.622417830592846,8.680710641036827,11.024286805360674,12.084095011128472,14.139182346713824,14.846711511354819,13.689996289732372
129,0.8993219999999998,0.8613360000000001,0.9559079999999999,0.9055219999999999,0.820818,0.8650620000000002,0.9003020000000003,0.8620606666666668,9.367627570277115,9.008688344613804,6.874387248515898,8.416901054468939,10.692634800658903,10.278840085643486,8.256474448775368,9.742649778359253
130,0.8888860000000004,0.8577340000000001,0.949274,0.8986313333333334,0.8182660000000002,0.8627779999999998,0.8980419999999998,0.8596953333333333,8.741637695047563,8.254667157884889,5.542175988642655,7.512826947191702,9.485707593073947,8.559145473050918,6.2246237227837256,8.089825596302864
131,0.902144,0.8563700000000002,0.9526639999999996,0.9037259999999999,0.8284959999999999,0.864914,0.9001580000000002,0.8645226666666668,11.034722654339465,8.442350730378543,5.974685929793029,8.483919771503679,11.615650599780981,8.655397002717903,5.524410208222616,8.598485936907165
132,0.9097419999999997,0.8604860000000001,0.9545719999999998,0.9082666666666666,0.8263140000000001,0.865306,0.9004440000000001,0.8640213333333334,9.233172090946887,8.288083893106036,6.940079197821937,8.153778393958286,9.67461711893077,8.865549017597477,7.474371755873862,8.671512630800704
133,0.9034979999999999,0.8598079999999999,0.9545299999999999,0.9059453333333333,0.8275739999999999,0.8683280000000002,0.90263,0.8661773333333335,9.385427069719329,9.009128784287718,5.380594002619128,7.925049952208724,10.074759126554058,9.10211492011626,6.290018283394869,8.48896411002173
134,0.9052059999999998,0.8614839999999998,0.9562219999999999,0.9076373333333332,0.8233619999999999,0.8672659999999998,0.8992619999999999,0.8632966666666665,9.761568359903844,8.987953764568235,5.9024511635427075,8.217324429338262,10.603985049287349,9.188852876038968,7.751337167202366,9.18139169750956
135,0.907616,0.8620779999999999,0.9570619999999999,0.9089186666666667,0.8206960000000001,0.867248,0.9021539999999998,0.863366,11.015981883986548,7.085755897971547,4.422226279800407,7.507988020586166,12.214144175859532,8.07475372180475,5.855212803767899,8.714703567144062
136,0.897932,0.858866,0.9534059999999998,0.9034013333333332,0.8250839999999997,0.86588,0.8972700000000002,0.8627446666666666,11.494236509014254,9.688986984512695,6.7455407808562855,9.309588091461078,11.591730255065107,10.073990533931223,8.983206089084751,10.216308959360362
137,0.9021399999999999,0.8643459999999998,0.9573160000000001,0.907934,0.8178700000000002,0.86749,0.900056,0.8618053333333334,9.716470262527427,8.259824116555183,4.973734881048511,7.650009753377041,11.763264579276818,7.895383129132633,6.2595863128572375,8.63941134042223
138,0.901256,0.8600760000000004,0.9538020000000003,0.9050446666666669,0.8267059999999999,0.864762,0.9011420000000001,0.8642033333333333,9.87030186778787,7.222662136156134,5.414148026283649,7.502370676742551,10.84008353684427,8.119406973384319,6.882778099745741,8.614089536658112
139,0.9067700000000003,0.8612739999999998,0.9538460000000001,0.9072966666666668,0.8277520000000002,0.8690680000000001,0.9013620000000003,0.8660606666666668,9.387668665803812,7.91070658250613,4.701499213129069,7.333291487146337,11.69464834528207,8.0823592973814,6.903012909496406,8.893340184053292
140,0.8874799999999999,0.860406,0.95502,0.9009686666666665,0.8190119999999997,0.8634099999999998,0.897924,0.8601153333333332,10.672149976113905,6.627744680174925,4.098199097932586,7.132697918073806,10.152176341696117,6.578127581441703,6.371708177747105,7.7006707002949755
141,0.897684,0.862816,0.9566159999999998,0.9057053333333333,0.8260660000000005,0.866566,0.9021760000000003,0.8649360000000003,9.028364127214777,6.415600337575129,4.216633089201841,6.55353251799725,9.80044437059108,6.982427944706733,5.967250866281131,7.583374393859647
142,0.9011539999999998,0.86402,0.9579039999999999,0.9076926666666666,0.824352,0.869096,0.9075979999999997,0.8670153333333332,9.842819644410756,6.2524228249892495,4.622125145488685,6.905789204962897,9.95633080040146,8.276651479355003,6.1402005147090515,8.124394264821838
143,0.9072200000000002,0.8666119999999999,0.9583300000000002,0.9107206666666667,0.8237000000000001,0.8730479999999994,0.906358,0.8677019999999999,9.049786149965735,7.772180630245075,6.156954529925376,7.6596404367120625,10.719125739155201,8.701535806340774,7.812012324130834,9.07755795654227
144,0.8986040000000002,0.8558919999999999,0.9492879999999999,0.9012613333333332,0.8292120000000002,0.8646379999999999,0.896612,0.8634873333333334,8.941963832305344,8.148516085933693,5.483334073319602,7.524604663852879,9.65530674811859,8.220714124167241,6.753204308945845,8.209741727077224
145,0.900884,0.8637679999999999,0.9565659999999998,0.9070726666666665,0.8225219999999998,0.868428,0.9048579999999997,0.8652693333333331,8.658499204632728,6.526126946622293,4.35889818849847,6.514508113251163,9.782590325341802,6.7895154599685315,5.923899919913339,7.498668568407891
146,0.9034099999999998,0.8628300000000002,0.9579140000000002,0.9080513333333334,0.8232900000000002,0.867244,0.9050400000000001,0.8651913333333333,10.371467190828199,7.428412953783971,4.387415849283598,7.3957653312985885,11.789278143760285,7.577372069336711,7.149597931872381,8.83874938165646
147,0.9007019999999999,0.8630540000000001,0.9565500000000005,0.9067686666666668,0.8256879999999999,0.8702960000000001,0.9043119999999999,0.8667653333333333,10.220737748411699,5.917310127001173,4.04762616072461,6.728558012045828,10.009363946613602,6.838298843130685,6.079941258043174,7.64253468259582
148,0.9016600000000002,0.8626520000000001,0.956994,0.9071020000000001,0.8234640000000002,0.8684000000000001,0.9006240000000001,0.8641626666666667,9.581505186052471,6.382971733141751,4.672703559511986,6.879060159568737,10.277940340274515,7.6846353421289475,6.299724319395753,8.087433333933072
149,0.89493,0.8610120000000002,0.9556719999999997,0.9038713333333334,0.820344,0.8679680000000002,0.8998999999999999,0.8627373333333335,9.048051003051809,6.788655786990937,4.50658047087063,6.781095753637792,9.803880052523517,7.4010411660405,6.418923164132667,7.874614794232229
150,0.8994180000000003,0.8632460000000002,0.9560840000000002,0.9062493333333336,0.8241659999999998,0.8696299999999999,0.901934,0.8652433333333333,9.132650343411036,5.991100836213607,4.430212668924307,6.517987949516318,9.809459896317758,6.943758224396702,5.746630686315236,7.499949602343232
151,0.9021759999999999,0.8599800000000001,0.9571920000000002,0.9064493333333333,0.8212019999999999,0.8642379999999997,0.9008399999999999,0.8620933333333332,8.73261574440288,7.340708447583247,4.454669763972661,6.842664651986262,10.46277649935161,9.363504833419452,6.8032941081010145,8.876525146957357
152,0.886206,0.8587979999999998,0.9539859999999999,0.8996633333333333,0.8205420000000001,0.8639359999999999,0.8962359999999999,0.860238,10.633787870948911,6.243614792416658,4.471742417890664,7.116381693752078,10.785190191029672,7.52123585320068,7.060965017146342,8.455797020458897
153,0.8884580000000003,0.8614199999999999,0.95384,0.9012393333333334,0.825538,0.8683140000000001,0.9002259999999999,0.8646926666666667,9.81442710799637,6.21963990276116,3.6106167265875246,6.548227912448351,9.205584480299851,6.511388591693105,5.927334352913997,7.214769141635652
154,0.8944360000000003,0.8626379999999998,0.9552500000000002,0.9041080000000002,0.8225080000000001,0.8673780000000002,0.898668,0.8628513333333334,9.687649751418885,5.971431885223118,4.058349203413598,6.5724769466852,9.922611282990294,6.674270536146355,5.5684992736025425,7.388460364246396
155,0.8868620000000004,0.857312,0.9522759999999998,0.8988166666666667,0.8104840000000002,0.8591740000000001,0.8916300000000001,0.8537626666666668,10.464223625434329,6.795269147887747,4.206188551166618,7.155227108162898,9.2210625973105,7.289126518326315,5.985594668410037,7.498594594682284
156,0.89875,0.860076,0.9545920000000001,0.9044726666666666,0.8208900000000001,0.8667520000000001,0.8978900000000002,0.8618440000000002,10.154284296408951,7.344545526766224,5.7680950332057535,7.755641618793643,10.90003242959089,9.381698861870953,6.97905976720273,9.086930352888192
157,0.9033580000000001,0.8628099999999997,0.9563139999999999,0.9074939999999999,0.825818,0.8703780000000001,0.8993519999999998,0.8651826666666667,8.680250725307934,6.238864280102263,4.495168865714224,6.471427957041474,9.242944465201191,6.970612062039096,6.252043563942267,7.488533363727517
158,0.902514,0.8636339999999998,0.9552399999999999,0.9071293333333332,0.8304740000000003,0.8701259999999996,0.8987520000000002,0.8664506666666667,10.071271906911546,7.2841438504536935,5.188626792488351,7.514680849951197,9.398020844746796,7.097730710387933,6.917150049740226,7.804300534958318
159,0.8961439999999999,0.8622200000000002,0.9581099999999999,0.9054913333333334,0.8240140000000001,0.8667039999999999,0.900372,0.8636966666666667,8.53007312370814,6.745546663638723,4.79066553449994,6.688761773948934,9.058335096352588,6.689956423112952,6.153337425179888,7.3005429815484755
160,0.8844460000000001,0.8609679999999997,0.9548220000000001,0.9000786666666666,0.8167700000000002,0.8660139999999998,0.896676,0.85982,9.298718741281967,6.289345848691195,4.881747651983695,6.823270747318952,9.689323332794292,6.442389179719621,6.282563715218135,7.471425409244016
161,0.9015979999999999,0.863122,0.9561820000000002,0.9069673333333333,0.82746,0.8688819999999997,0.8973280000000002,0.8645566666666666,8.698833546622303,7.009876677494755,4.426431633526405,6.7117139525478215,9.053860325377146,7.616008487366212,5.888707653145819,7.519525488629726
162,0.8508699999999998,0.8483619999999995,0.9488019999999997,0.8826779999999997,0.8042039999999997,0.8532180000000001,0.8920160000000003,0.8498126666666668,9.960273051324823,7.080953782901349,4.375253456283388,7.138826763503187,10.389025061306327,6.833826636466606,5.763538678394024,7.662130125388985
163,0.9023699999999999,0.8642479999999999,0.9589119999999999,0.9085099999999998,0.825102,0.8682300000000001,0.9020159999999997,0.8651159999999999,9.785150983280557,5.972315743552505,4.3146867805490805,6.6907178357940476,9.782693567947861,6.132630245613575,5.584615066017327,7.166646293192922
164,0.8861679999999998,0.8613540000000001,0.9571620000000004,0.9015613333333334,0.8166760000000001,0.8649360000000001,0.8988399999999999,0.8601506666666667,9.288028874042187,5.806856577948874,4.111805528879067,6.402230326956709,9.541087395675122,6.615757947700204,5.517262711089319,7.2247026848215485
165,0.8912959999999996,0.8616019999999999,0.9564499999999999,0.9031159999999998,0.8146159999999999,0.8647519999999997,0.8968219999999998,0.8587299999999999,11.119185751126555,7.033811606779282,5.248296138294802,7.800431165400212,11.322212283132398,8.500632657782917,7.3836902569254255,9.068845065946915
166,0.8969620000000001,0.8641699999999999,0.9555199999999999,0.9055506666666666,0.821112,0.8715679999999999,0.902262,0.8649806666666665,8.987205322290169,6.046728461475887,4.156319232717954,6.396751005494671,8.568924190917294,6.664673830129377,5.918361004408122,7.0506530084849315
167,0.8996339999999999,0.86275,0.95529,0.9058913333333333,0.8243400000000001,0.869566,0.9003419999999999,0.8647493333333333,10.184903435051975,6.826149315135188,4.381189706777948,7.130747485655037,10.07808487035367,7.6866615053914025,6.119850021639614,7.961532132461563
168,0.8966220000000004,0.8625380000000001,0.95747,0.9055433333333335,0.8214239999999998,0.8671420000000001,0.8994459999999996,0.8626706666666665,9.8230910767209,6.662044623279366,4.108911045518014,6.864682248506092,10.641573759264775,6.318276860235006,5.950192944385474,7.636681187961752
169,0.8948020000000001,0.8612419999999996,0.9551399999999998,0.9037279999999998,0.82525,0.8700980000000001,0.90397,0.8664393333333335,9.91285362214727,7.969911676059037,5.568713855865742,7.817159718024016,10.686888589256723,9.89073657016165,7.331045809391757,9.30289032293671
170,0.8986379999999999,0.8627839999999999,0.9551339999999997,0.9055186666666666,0.8220719999999999,0.8696819999999998,0.9024000000000001,0.8647179999999999,9.26863291581098,6.96622437879925,4.468157276339532,6.901004856983254,10.001137370648296,7.558435603730641,6.229064175900805,7.929545716759915
171,0.9008780000000001,0.8628039999999999,0.9554240000000002,0.9063686666666667,0.8249799999999999,0.8691019999999999,0.8968119999999999,0.8636313333333332,9.939683453567618,7.462125588813418,5.165065060908752,7.522291367763263,9.36415646797492,7.1357457481658955,6.863239324295436,7.787713846812085
172,0.9005639999999999,0.8620520000000002,0.9573760000000001,0.906664,0.8235140000000003,0.8685700000000002,0.9006919999999998,0.8642586666666667,9.017233355741421,7.284682525112841,4.584791407098193,6.96223576265082,9.430671098066245,7.467703252660595,6.828402820658944,7.908925723795261
173,0.8985600000000001,0.8624319999999999,0.957162,0.9060513333333332,0.8232219999999998,0.8686400000000001,0.8988680000000001,0.8635766666666668,9.776693084760716,7.024991425756831,4.611950019824987,7.137878176780845,9.555593434034842,7.195758925287002,6.150201950717631,7.633851436679824
174,0.8936979999999997,0.8612620000000004,0.955154,0.9033713333333333,0.8201980000000003,0.8662000000000002,0.897948,0.8614486666666669,8.834266508739912,7.474399395687433,4.865540338930953,7.058068747786098,9.170414962573856,6.904684584206688,6.8803970523427775,7.651832199707774
175,0.8970560000000001,0.863426,0.9589459999999999,0.906476,0.8215819999999997,0.8678599999999997,0.89934,0.862927333333333,9.319206443953409,6.456033841895761,4.783241387345881,6.85282722439835,10.04775352456097,6.612066341125789,6.873677623372583,7.844499163019781
176,0.9048020000000002,0.8631560000000001,0.9565600000000001,0.9081726666666669,0.8249699999999995,0.8686139999999998,0.900732,0.8647719999999998,9.494043664912667,6.406900160277141,3.9075516625614677,6.602831829250426,10.07370814724919,6.857161472746385,6.324068675958054,7.75164609865121
177,0.8944919999999995,0.8596820000000001,0.952144,0.9021059999999999,0.8187880000000001,0.86531,0.897316,0.8604713333333334,8.839562401541299,8.540928118031026,4.742076868401019,7.374189129324448,9.819454354786389,9.281200055071055,7.499672668385996,8.866775692747813
178,0.9045600000000001,0.863622,0.9583020000000001,0.9088280000000001,0.8254560000000001,0.8685940000000001,0.9009939999999999,0.8650146666666667,9.288765496471155,6.049088912668866,3.522667026746887,6.28684047862897,9.299336554016177,6.657521555207167,5.518840988747274,7.158566365990207
179,0.9022959999999999,0.8632920000000004,0.9556980000000003,0.9070953333333335,0.8239799999999998,0.8686420000000002,0.8999959999999999,0.8642059999999999,8.782372332719993,5.901897842721385,4.682807528812819,6.455692568084732,9.091517131649294,7.256819045401991,5.9514324049894105,7.433256194013565
180,0.89613,0.863622,0.9574200000000002,0.9057240000000001,0.8209459999999998,0.8673759999999997,0.898768,0.8623633333333331,9.868616698434552,6.297618327958425,3.6658804556260147,6.610705160672997,10.284085772797582,6.728216428187336,6.015748493264036,7.676016898082985
181,0.9017799999999997,0.863806,0.956868,0.9074846666666666,0.8225699999999996,0.8686539999999999,0.8994520000000001,0.8635586666666666,9.154440088555413,6.522454057872327,4.444561734073847,6.707151960167195,9.49553320316502,6.634057341785073,5.98414048699315,7.371243677314415
182,0.901528,0.861578,0.9571979999999999,0.906768,0.818726,0.8676580000000003,0.8970079999999999,0.8611306666666668,8.883272183903374,6.764711589708245,5.092848924935291,6.9136108995156365,10.740411219175597,7.478545369468379,7.794678883615153,8.671211824086376
183,0.9016300000000003,0.8615079999999997,0.9543539999999999,0.9058306666666667,0.8193079999999999,0.8673920000000002,0.8987699999999995,0.8618233333333332,9.071895089184812,7.372285407508627,4.732349730193487,7.058843408962308,11.199464616279712,7.891561440928009,6.659159968050999,8.583395341752906
184,0.9038659999999998,0.8637199999999997,0.9589820000000003,0.908856,0.8225539999999998,0.8683859999999999,0.8982420000000002,0.8630606666666667,9.577180020400235,6.416739832202624,4.39998331236311,6.797967721655323,11.34364227203524,7.684472774185556,7.352726096019467,8.793613714080088
185,0.9062339999999999,0.8628179999999996,0.957408,0.9088199999999999,0.8252520000000001,0.8705360000000002,0.9001439999999999,0.8653106666666668,9.40922332149582,6.74830391502534,4.436459349054129,6.864662195191762,10.773777260735724,8.021976807487038,6.090972658028079,8.295575575416947
186,0.9054979999999996,0.8641099999999998,0.9579920000000003,0.9091999999999999,0.8273620000000002,0.86961,0.8990459999999999,0.8653393333333333,9.480019439527114,6.323623958686984,4.6873229841429405,6.830322127452345,10.8434796662368,7.529014387010131,6.617246783447723,8.329913612231552
187,0.9020119999999998,0.8625740000000001,0.9570079999999997,0.9071979999999998,0.8218540000000002,0.8692960000000001,0.8993899999999999,0.8635133333333335,9.934172940776044,6.402608949131595,4.581633163850328,6.972805017919323,10.857744442754692,7.02848541777087,6.45233114928673,8.11285366993743
188,0.8993859999999999,0.8604400000000005,0.95542,0.9050820000000002,0.8225940000000003,0.8674139999999997,0.8990299999999998,0.8630126666666665,9.774309331903767,6.214712949924352,3.846280522432217,6.611767601420112,10.159744663401092,6.7483509579541305,6.213160508353353,7.707085376569526
189,0.8964519999999997,0.86171,0.957722,0.9052946666666665,0.8215399999999999,0.867682,0.9010579999999999,0.8634266666666667,8.668914322926094,6.334759621825294,4.062503496955224,6.35539248056887,9.805535897450769,7.243258209502576,6.81881675210618,7.955870286353175
190,0.9025739999999999,0.861468,0.9559439999999997,0.9066619999999999,0.8246460000000002,0.8691120000000001,0.8986360000000001,0.8641313333333335,9.21750970327326,6.3911153918791355,4.467530511867037,6.692051869006477,10.326135433437225,7.21800213736857,6.4644044602066675,8.00284734367082
191,0.8965840000000002,0.861434,0.955294,0.9044373333333334,0.82241,0.8684559999999998,0.9003340000000003,0.8637333333333334,9.431639905876768,6.105841260812143,4.0519233691120595,6.529801511933656,9.420392437053213,6.7323291653266475,5.773037664048944,7.308586422142935
192,0.9026680000000001,0.8619360000000001,0.9575140000000001,0.9073726666666668,0.8229720000000004,0.8669579999999999,0.8990920000000001,0.8630073333333335,9.719937745442031,6.052398714665372,4.694599803141064,6.822312087749489,10.949518934915032,6.952270149516331,7.047962403606855,8.316583829346072
193,0.8968280000000002,0.8623320000000001,0.9561240000000001,0.9050946666666668,0.822388,0.869056,0.9002700000000005,0.8639046666666669,8.852583208661967,6.060246350090113,4.170977789036754,6.361269115929612,9.717510659495868,7.130935254232704,5.865273829623629,7.571239914450733
194,0.900422,0.8632760000000004,0.9573160000000002,0.9070046666666668,0.8242220000000002,0.8695379999999999,0.8998020000000001,0.8645206666666668,9.181425323317791,5.67912158029985,3.415141286739201,6.091896063452281,9.77010643957497,7.0137360290959965,5.302361345360383,7.36206793801045
195,0.9015800000000002,0.8634700000000001,0.9575480000000001,0.9075326666666669,0.824584,0.8686159999999999,0.899922,0.8643740000000001,9.599242468694793,5.57248010245019,3.7090933343448915,6.293605301829959,9.573022498166473,6.980982747199513,6.1798926265875425,7.577965957317843
196,0.9021479999999998,0.863716,0.9583839999999999,0.9080826666666666,0.8250959999999999,0.8687280000000002,0.8992520000000003,0.8643586666666668,8.995592531482403,5.797281510283492,3.7722545184135585,6.188376186726484,9.675371395589675,6.956377845195484,6.260510870112679,7.630753370299279
197,0.8991100000000002,0.8621520000000004,0.957454,0.9062386666666669,0.821894,0.8687999999999999,0.9000860000000002,0.8635933333333333,8.581320415912803,5.953169932031475,4.40895441709153,6.314481588345269,9.35307925823827,7.170808106982915,6.159010211029449,7.560965858750212
198,0.8974679999999996,0.8617319999999996,0.9568299999999997,0.9053433333333331,0.8206339999999998,0.8683540000000002,0.900822,0.86327,8.694663124428713,6.322598270752589,4.273826029569477,6.430362474916926,9.884752880769172,6.422475830712224,5.624151113438879,7.310459941640093
199,0.901728,0.8627640000000001,0.9567840000000003,0.9070920000000001,0.8231620000000001,0.8691300000000001,0.8995800000000002,0.8639573333333335,9.537893603207683,6.723398420664406,4.365710335569117,6.875667453147069,10.08616355048642,7.530156998951734,6.03969779544056,7.885339448292904
200,0.900656,0.8622179999999996,0.9562640000000006,0.9063793333333333,0.8240560000000001,0.8687239999999999,0.8988900000000001,0.86389,9.565355963726454,5.60299201926828,4.369357806675862,6.512568596556865,9.85801119416378,6.629319306113453,5.980594046441623,7.489308182239618
